id;title
dongguanNuokadiElectronicCoLtdLampKytai;Dongguan Nuokadi Electronic Co., Ltd (лампы Китай)
shijiazhuangAoseImpExpCoLtdSalfetkyYzMykrofybrKytai;SHIJIAZHUANG AOSE IMP.&EXP.CO.,LTD (салфетки из микрофибры, Китай)
hebeiMulinRubberProductsCoLtdUplotnytelyKytai;Hebei Mulin Rubber Products Co., Ltd. (уплотнители Китай)
ningboNingshingTradingGroupIncNyzhnyeOpor;NINGBO NINGSHING TRADING GROUP INC (нижние опоры)
cangzhouWanqingAnimalHusbandryTechnologyCoLtdKlypsKytai;CANGZHOU WANQING ANIMAL HUSBANDRY TECHNOLOGY CO.,LTD (клипсы Китай)
guangzhouRongxinTradeCoLtdStoikyStabylyzatora;GUANGZHOU RONGXIN TRADE CO. LTD (стойки стабилизатора)
ruianFriendshipAutomobileWiperBladeCoLtdShchetkyStekloochystyteliaNoname;RUIAN FRIENDSHIP AUTOMOBILE WIPER BLADE CO.,LTD (щетки стеклоочистителя, NoName)
anhuiYoutoAutopartsCoLtdShchetkyStekloochystytelia;ANHUI YOUTO AUTOPARTS CO. LTD (щетки стеклоочистителя)
oooNordfil;"ООО ""НОРДФИЛ"""
zhenhanJiangxiScienceAndTechnologyCoLtdMaslianeFyltr;Zhenhan（Jiangxi）Science and Technology Co.,Ltd. (масляные фильтры)
longkouXinshengMachineryPartsCoLtdTormozneDysky;LONGKOU XINSHENG MACHINERY PARTS CO., LTD (тормозные диски)
xiangyangSptCoLtdTormozneKolodky;XIANGYANG SPT CO.,LTD (тормозные колодки)
oooKarplast;"ООО ""КАРПЛАСТ"""
oooPkHudparts;"ООО ""ПК ""ГУДПАРТС"""
oooPostavshchyk;"ООО ""Поставщик"""
